基金名稱,類型,幣別,國泰世華,元大銀行,兆豐銀行,高雄銀行,渣打銀行,華泰銀行,京城銀行,將來銀行,連線銀行,永豐銀行,台中商銀,瑞興銀行,王道銀行,中國信託,玉山銀行,板信商銀,三信銀行,彰化銀行,巴黎銀行,陽信銀行,華南銀行,土地銀行,滙豐銀行,遠東銀行,星展銀行,花旗銀行(併入星展銀行),安泰銀行,臺灣企銀,上海銀行,聯邦銀行,台灣銀行,凱基銀行,第一銀行,台北富邦銀行,日盛銀行(併入台北富邦銀),台新銀行,新光銀行,瑞士銀行,合作金庫
野村優質基金,前收累積,新臺幣,10370001,CA01,7001,5801,10110001,2413,10040001,V,V,CJ1,5501,IN01,2001,55500030,2101,1402,310,8802,V,7701,6001,D602,6301,IN01,69001,6900006,7901,5002,7801,6501,3401,IG02,52BA,3601,5801,3302,1502,●,8101
野村優質基金,TISA,新臺幣,X,X,X,X,X,X,X,X,X,X,X,X,X,X,X,X,X,X,X,X,X,X,X,X,X,X,X,X,X,X,X,X,X,X,X,X,X,X,X
野村成長基金,前收累積,新臺幣,10370002,CA02,7002,5802,10110002,2424,10040002,V,●,CJ2,5502,IN03,2031,●,2102,1403,●,8820,V,7702,6002,D604,●,IN02,69002,●,7902,5003,7802,6502,3402,IG03,52BB,3603,5802,3303,1503,●,8102
野村平衡基金,前收累積,新臺幣,10370003,CA03,7003,5804,●,2425,●,V,●,CJ3,5505,IN09,●,●,2104,1404,●,8839,V,7703,6003,D605,●,IN21,69003,●,7904,5001,7803,6519,3403,IG04,52BD,3604,5805,3304,1508,●,8121
野村平衡基金,TISA,新臺幣,X,X,X,X,X,X,X,X,X,X,X,X,X,X,X,X,X,X,X,X,X,X,X,X,X,X,X,X,X,X,X,X,X,X,X,X,X,X,X
野村ｅ科技基金,前收累積,新臺幣,10370004,CA04,7004,5803,10110004,2407,10040004,V,V,CJ4,5503,IN07,2002,●,2103,1405,311,8848,V,7704,6004,D606,●,IN03,69004,●,7903,5004,7804,6503,3404,IG05,52DI,3605,5803,3305,1504,●,8103
野村中小基金,前收累積,新臺幣,10370006,CA06,7005,5806,10110006,2411,10040006,V,V,CJ5,5504,IN05,2003,55500020,2107,1406,312,8866,V,7705,6006,D607,6305,IN51,69005,6900003,7906,5006,7805,6504,3405,IG07,●,3607,5804,3307,1505,●,8111
野村全球品牌基金,前收累積,新臺幣,10370007,CA07,7006,5807,10110007,2402,10040007,V,●,CJ8,5550,IN20,2004,55500034,2105,1407,313,8875,V,7706,6007,D608,●,IN04,69006,6900008,7907,5007,7807,6514,3406,IG01,52AV,3608,5808,3310,1501,●,8105
野村全球品牌基金,前收累積,美元,10370084,C144,●,●,●,●,●,●,●,●,●,●,●,●,●,●,●,0B36,●,●,●,K449,●,CN32,●,●,●,●,7H21,●,DE26,OA47,●,DD11,●,●,9J40,●,CC03
野村全球品牌基金,後收累積,新臺幣,●,CB09,●,●,●,●,●,●,●,●,●,I713,53001,●,●,YG06,●,88A7,●,●,●,H207,●,EM03,●,●,●,●,6912,●,N509,●,●,4905,●,3C08,4709,●,Z503
野村全球品牌基金,後收累積,美元,●,C210,●,●,●,●,●,●,●,●,●,J716,53002,●,●,ZG07,●,0BA8,●,●,●,P206,●,EL04,●,●,●,●,6I10,●,P510,●,●,DV06,●,●,9X10,●,Y504
野村全球高股息基金,前收累積,新臺幣,10370008,CA08,7007,5809,10110009,2403,10040009,V,●,CJ9,5551,IN15,2005,55500021,2108,1408,316,8801,V,7707,6008,D609,●,IN05,69007,6900011,7909,5008,7806,6505,3407,IG08,52AU,3609,5807,3308,1510,V,8106
野村全球高股息基金,前收累積,人民幣,10370058,●,●,●,●,●,10040061,●,●,351,4119,D215,●,●,●,●,●,0B19,●,6C21,●,●,●,CN05,69037,●,●,●,●,ZB17,●,OA21,●,●,●,●,●,●,●
野村全球高股息基金,前收季配,新臺幣,10370057,CA23,7018,●,●,●,●,V,●,K25,5560,IN50,●,●,●,1418,317,8805,●,7725,6036,D619,●,IN14,69017,●,●,●,●,6526,●,IG18,●,3634,5821,3335,1528,●,●
野村全球高股息基金,前收季配,人民幣,10370059,●,●,●,●,●,●,●,●,352,4120,D216,●,●,●,●,●,0B20,●,6C22,●,●,●,CN06,69036,●,●,●,●,ZB18,●,OA22,●,●,●,●,●,●,●
野村鑫平衡組合基金,前收累積,新臺幣,10370010,CA10,7008,5811,10110011,2401,10040011,V,●,CK0,5553,IN11,2021,55500023,2109,1409,314,8803,V,7709,6010,D611,●,IN06 / IN36,69009,●,7911,5010,7809,6507,3408,IG10,●,3610,●,3311,1511,●,8110
野村全球不動產證券化基金,前收累積,新臺幣,10370016,CA13,7010,5814,10110014,2408,10040014,V,●,CK3,5555,IN21,2023,●,2112,1412,322,8888,V,7712,6013,D614,●,IN41,69011,6900007,7914,5013,7812,6510,3411,IG13,52AS,3614,5814,3314,1513,●,8107
野村全球不動產證券化基金,前收累積,人民幣,10370060,●,●,●,●,●,10040062,●,●,353,4117,D217,●,●,●,●,●,0B17,●,6C19,●,●,●,CN07,69038,●,●,●,7Z06,ZB19,●,OA19,●,●,●,●,●,●,●
野村全球不動產證券化基金,前收月配,新臺幣,10370036,CA25,7017,●,10110042,●,10040046,V,●,K27,5562,IN51,●,●,2129,1420,323,8889,●,7730,6056,●,●,●,69018,●,●,●,●,6524,●,IG20,52BM,3636,5820,3334,1530,●,●
野村全球不動產證券化基金,前收月配,人民幣,10370061,●,●,●,●,●,●,●,●,354,4118,D218,●,●,●,●,●,0B18,●,6C20,●,●,●,CN08,69039,●,●,●,7Z07,ZB20,●,OA20,●,●,●,●,●,●,●
野村亞太高股息基金,前收累積,新臺幣,10370015,CA16,7015,5817,10110017,2412,10040017,V,●,CK6,5558,IN17,2006,55500025,2115,1415,320,8819,V,7715,6016,D601,●,IN11,69013,6900005,7917,5016,7815,6513,3413,IG16,52AT,3617,5816,3317,1516,●,8112
野村亞太高股息基金  (暫停銷售),前收累積,人民幣,●,●,●,●,●,●,●,●,●,●,●,●,●,●,●,●,●,●,●,●,●,●,●,●,●,●,●,●,●,●,●,●,●,●,●,●,●,●,●
野村亞太高股息基金,前收季配,新臺幣,10370021,CA26,7020,●,●,2417,●,V,●,K28,5563,●,●,●,●,1421,321,8821,●,7729,6038,●,●,IN16,69019,6900004,●,●,●,6523,●,IG21,●,3637,5823,3337,1531,●,●
野村亞太高股息基金  (暫停銷售),前收季配,人民幣,●,●,●,●,●,●,●,●,●,●,●,●,●,●,●,●,●,●,●,●,●,●,●,●,●,●,●,●,●,●,●,●,●,●,●,●,●,●,●
野村台灣運籌基金,前收累積,新臺幣,10040004,CA19,4908,5212,10110021,3113,10040019,V,●,K19,5701,IN02,●,55500004,2123,1430,328,6110,V,●,6018,B701,●,IN23,69015,6900012,8919,●,7819,6520,5701,AO13,●,3619,5825,3327,1524,●,7101
野村鴻運基金,前收累積,新臺幣,●,CA33,●,●,X,3112,●,V,●,K23,5710,IN06,2032,●,●,1429,344,●,V,●,6034,B719,●,IN25,69029,X,8920,●,●,6522,5714,AO16,●,3632,5826,●,1539,●,●
野村環球基金,前收累積,新臺幣,10370043,CA34,4911,5859,10110022,3104,10040053,V,V,K20,5754,IN19,2007,55500007,2143,1446,347,6111,V,7748,6019,B702,●,IN24 / IN39,690951,●,8938,5035,7855,6528,5704,AO12,52BR,3622,5827,3328,1519,●,7106
野村環球基金,前收累積,美元,10370070,C143,7I14,5860,●,●,●,●,●,●,●,D229,●,65500038,4740,8711,383,0B34,V,6C38,8D31,●,●,CN30,●,●,●,C921,7H20,ZB34,DE24,●,52CM,DD05,N01O,5351,9J36,●,CC01
野村環球基金,前收累積,人民幣,10370066,C120,7I07,5861,●,5534,●,●,●,398,4121,D230,●,65500039,4719,●,388,0B35,●,6C39,8D32,K415,●,CN31,●,●,"9J48
(不接受申購)",C909,7Z21,ZB23,DE25,●,52CN,DE05,N01N,9201,9J37,●,CC02
野村鴻利基金,前收累積,新臺幣,10370026,KH14,4914,●,10110023,●,●,V,●,K21,5707,IN10,●,55500005,●,X,●,6112,V,●,6020,B703,●,●,690936,●,●,●,●,6527,5709,AO11,●,3621,5828,●,1525,●,7124
野村積極成長基金,前收累積,新臺幣,●,CA20,4903,●,10110024,3111,●,V,●,K22,5703,IN04,●,55500006,●,1428,329,6113,V,7717,6021,B704,●,DK42,69016,●,8921,●,●,6529,5702,AO10,●,3620,5829,●,1534,●,7103
野村貨幣市場基金,前收累積,新臺幣,10370022,KH08,49A1,5201,10110031,3102,●,V,●,K01,5771,IN35,2008,●,●,07A2,351,6109,V,7751,6027,B713,●,DK32,69026,6900021,8909,5951,7858,●,5751,AO18,●,3663,5844,3323,1538,●,7141
野村泰國基金,前收累積,新臺幣,10040006,KH03,4901,5207,10110027,3105,10040026,V,●,K06,5752,IN25,2009,55500003,2121,704,305,6136,V,7720,6024,B707,●,DK04 / DK14,69024,6900019,8903,5904,7818,5704,5707,AO03,52AE,3625,5819,3322,1523,●,7105
野村高科技基金,前收累積,新臺幣,10040013,KH06,4909,5208,10110028,3110,10040020,V,V,K09,5704,IN08,2010,55500012,●,706,301,6190,V,7721,6025,B708,6319,DK08 / DK18,69025,●,8906,5901,7101,6530,5703,AO06,52AK(暫停申購),3626,5830,3319,1535,●,7108
野村台灣高股息基金,前收累積,新臺幣,10040016,CA18,4907,5211,10110039,3103,10040022,V,●,K18,5709,IN18,2030,55500019,2122,710,309,8804,V,7724,6035,B718,●,DK11 / DK21,69028,6900013,8918,5909,7820,6521,5713,AO15,52BC,3631,5832,3332,1527,●,7102
野村台灣高股息基金,前收月配,新臺幣,●,●,●,●,●,●,●,V,●,●,●,●,●,●,●,●,●,●,V,●,●,●,●,●,●,●,●,●,●,●,●,●,●,●,●,●,●,●,●
野村台灣高股息基金,TISA,新臺幣,X,X,X,X,X,X,X,X,X,X,X,X,X,X,X,X,X,X,X,X,X,X,X,X,X,X,X,X,X,X,X,X,X,X,X,X,X,X,X
野村全球生技醫療基金,前收累積,新臺幣,10370017,CA17,7016,5818,10110018,2414,10040018,V,●,145,5559,IN26,2011,55500018,2116,1417,326,8809,V,7716,6017,D617,●,IN12,69014,6900010,7918,5017,7816,6515,3414,IG17,●,3633,5815,3318,"1517(誠泰存量)
1599(新光人壽專用)",●,8113
野村大俄羅斯基金,前收累積,新臺幣,10370024,CA28,7025,5822,X,2420,10040033,X,X,K33,5757,IN30,2012,55500027,2125,1426,331,8879,V,7733,6043,D623,●,IN18,690938,●,8924,5021,7824,6532,3417,IG27,52BF,3642,5837,X,1541,●,8116
野村中國機會基金,前收累積,新臺幣,10370027,CA35,7027,5824,10110041,2423,10040035,V,●,K35,5567,IN32,2013,55500037,2128,1431,333,8886,V,7735,6045,D625,●,IN20,69021,6900002,8923,5023,7826,6535,3419,IG29,52BI,3644,5839,●,1543,●,8118
野村中國機會基金,前收累積,美元,●,●,●,●,●,●,●,●,●,●,●,●,●,●,●,●,●,●,●,●,●,●,●,●,●,●,●,●,●,●,●,●,●,●,●,●,●,●,●
野村中國機會基金,前收累積,人民幣,●,●,●,●,●,●,●,●,●,●,●,●,●,●,●,●,●,●,●,●,●,●,●,●,●,●,●,●,●,●,●,●,●,●,●,●,●,●,●
野村巴西基金,前收累積,新臺幣,10370029,CA38,7030,5827,X,2428,10040038,V,●,K38,5581,IN37,2014,55500039,2133,1432,336,8877,V,7736,6047,D628,●,IN22,X,X,X,5025,7828,6536,3421,IG22,●,3646,5840,●,1546,●,8119
野村印度潛力基金,前收累積,新臺幣,10370033,CA46,7033,5830,X,2432,10040041,V,●,K41,5582,IN40,2024,55500041,2136,1436,339,8814,●,7737,6050,D632,●,IN27,X,X,8930,X,7830,6543,3424,AO22,●,3649,5841,●,1550,X,7111
野村亞太複合非投資等級債券基金,前收累積,新臺幣,10370037,CA47,7035,5832,●,2434,10040043,V,●,K43,5584,IN42,2015,55500043,2138,14F2,341,8837,V,7743,6052,D633,●,IN66,X,X,8932,5028,7832,6545,3426,AO24,52BK,3651,5850,●,1551,●,7147
野村亞太複合非投資等級債券基金,前收累積,美元,●,C129,7I15,5857,●,●,●,●,●,CKA,●,●,2039,65500026,4729,87F1,●,0B26,●,●,●,K423,●,CN20,X,X,●,●,7H13,ZB29,●,OA30,●,DD06,●,●,●,●,●
野村亞太複合非投資等級債券基金,前收累積,人民幣,10370045,C101,7I05,5837,●,5505,10040054,●,●,286,4105,D205,2041,65500005,4705,87F3,394,0B05,●,6C06,8D05,K425,●,CN11,X,X,9J03,C905,7Z01,ZB05,DE09,OA05,52BU,DE03,N01E,●,9J05,●,CC45
野村亞太複合非投資等級債券基金,前收月配,新臺幣,10370038,CA48,7036,5833,●,2435,10040044,V,●,K44,5585,IN43,2016,55500082,2139,14F3,342,8838,V,7744,6053,D634,●,IN67,X,X,8933,5029,7833,6546,3427,AO25,52BL,3652,5851,●,1552,●,7148
野村亞太複合非投資等級債券基金,前收月配,美元,●,C130,7I16,5858,●,●,●,●,●,CKB,●,●,2040,65500027,●,87F2,●,0B27,●,●,●,K424,●,CN21,X,X,●,●,7H14,ZB30,●,OA31,●,DD07,●,●,●,●,●
野村亞太複合非投資等級債券基金,前收月配,人民幣,10370046,C102,7I06,5838,●,5506,10040055,●,●,287,4106,D206,2042,65500006,4706,87F4,395,0B06,●,6C05,8D06,K426,●,CN12,X,X,9J04,C906,7Z02,ZB06,DE10,OA06,52BV,DE04,N01F,●,9J06,●,CC46
野村亞太複合非投資等級債券基金,後收累積,新臺幣,●,CB05,8701,●,●,●,●,●,●,C0O,90A3,I711,53003,●,8138,●,●,88A1,●,●,●,●,●,●,X,X,●,●,6906,VK07,N503,●,●,●,●,●,4703,●,●
野村亞太複合非投資等級債券基金,後收月配,新臺幣,●,CB06,8702,●,●,●,●,●,●,C1O,90A4,I712,53004,●,8139,●,03N1,88A2,●,●,●,●,●,●,X,X,●,●,6907,VK08,N504,●,●,●,●,●,4704,●,●
野村亞太複合非投資等級債券基金,後收月配,美元,●,C205,7G01,●,●,●,●,●,●,CP0,41A3,J714,53005,●,9740,●,●,0BA1,●,●,●,●,●,●,X,X,●,●,6I03,YD07,P503,●,●,●,●,●,9X03,●,●
野村亞太複合非投資等級債券基金,後收月配,人民幣,●,C206,7G02,●,●,●,●,●,●,CQ0,41A4,J715,53006,●,9706,●,03Z9,0BA2,●,●,●,●,●,●,X,X,●,●,6I04,YD08,P504,●,●,●,●,●,9X04,●,●
野村環球非投資等級債券基金,前收累積,新臺幣,10370039,CA50,7037,5834,●,●,10040047,V,●,K46,5587,IN45,2017,55500045,2141,14F4,345,8835,V,7747,6057,D636,●,IN29,●,X,8935,5033,7836,6548,3429,AO27,52BN,3653,5853,●,1554,X,7149
野村環球非投資等級債券基金,前收累積,美元,●,C103,7I01,●,●,5501,10040049,●,●,260,4101,D201,●,65500001,4701,●,398,0B01,●,6C02,8D01,K401,●,CN01,●,X,●,C901,7H01,ZB01,●,OA01,52BP,DD01,N01A,●,9J01,X,CC41
野村環球非投資等級債券基金,前收累積,人民幣,10370050,C105,7I03,●,●,5503,10040051,●,●,284,4103,D203,●,65500003,4703,●,396,0B03,●,6C04,8D03,K405,●,CN03,●,X,9J01,C903,●,ZB03,●,OA03,52BS,DE01,N01C,●,9J03,X,CC43
野村環球非投資等級債券基金,前收月配,新臺幣,10370040,CA51,7038,5835,●,2437,10040048,V,●,K47,5588,IN46,2018,55500046,2142,14F5,346,8836,V,7746,6058,D637,●,IN30,●,X,8936,5034,7837,6549,3430,AO28,52BO,3654,5854,●,1555,X,7150
野村環球非投資等級債券基金,前收月配,美元,●,C104,7I02,●,●,5502,10040050,●,●,261,4102,D202,●,65500002,4702,●,399,0B02,●,6C01,8D02,K402,●,CN02,●,X,●,C902,7H02,ZB02,●,OA02,52BQ,DD02,N01B,●,9J02,X,CC42
野村環球非投資等級債券基金,前收月配,人民幣,10370044,C106,7I04,5836,●,5504,10040052,●,●,285,4104,D204,●,65500004,4704,●,397,0B04,●,6C03,8D04,K406,●,CN04,●,X,9J02,C904,7Z22,ZB04,●,OA04,52BT,DE02,N01D,●,9J04,X,CC44
野村動態配置多重資產基金,前收累積,新臺幣,10370051,CA53,●,5865,●,2440,10040057,V,●,377,5590,IN47,2033,55500048,2145,1439,349,8825,V,7750,6063,D639,●,●,●,X,8939,5038,7839,6551,3431,AO30,52BZ,●,●,3339,1557,●,8123
野村動態配置多重資產基金,前收累積,美元,10370053,C109,●,5867,●,5513,●,●,●,379,4109,D207,2035,65500009,4709,●,390,0B09,V,6C09,8D10,K407,●,●,●,X,9J07,C910,●,ZB09,DE01,OA09,52CB,●,●,●,9J09,●,CC23
野村動態配置多重資產基金,前收累積,人民幣,10370055,C119,●,5869,●,●,●,●,●,381,4111,D209,2037,65500013,4711,●,391,0B11,●,6C11,8D12,K409,●,●,●,X,9J09,C912,7Z04,ZB11,DE03,OA11,52CD,●,●,●,9J11,●,CC21
野村動態配置多重資產基金,前收累積,澳幣,●,C113,●,●,●,●,●,●,●,383,4113,D211,●,65500011,4713,●,●,0B13,●,6C13,●,K411,●,●,●,X,9J11,C914,●,ZB13,DE05,OA13,●,●,●,●,9J13,●,●
野村動態配置多重資產基金,前收累積,南非幣,10370071,C115,●,●,●,5514,●,●,●,385,4115,●,●,65500015,4715,●,●,0B15,●,6C15,●,K413,●,●,●,X,9J13,C916,●,ZB15,DE07,OA15,●,●,●,●,9J15,●,●
野村動態配置多重資產基金,前收月配,新臺幣,10370052,CA54,●,5866,●,2439,10040058,V,●,378,5591,IN48,2034,55500049,2146,1440,360,8826,V,77AA,6064,D640,●,●,●,X,8940,5039,7840,6552,3432,AO31,52CA,●,●,3340,1558,●,8124
野村動態配置多重資產基金,前收月配,美元,10370054,C110,●,5868,●,5509,●,●,●,380,4110,D208,2036,65500010,4710,●,389,0B10,V,6C10,8D11,K408,●,●,●,X,9J08,C911,●,ZB10,DE02,OA10,52CC,●,●,5350,9J10,●,CC24
野村動態配置多重資產基金,前收月配,人民幣,10370056,C112,●,5870,●,5512,10040059,●,●,382,4112,D210,2038,65500014,4712,●,●,0B12,●,6C12,8D13,K410,●,●,●,X,9J10,C913,7Z05,ZB12,DE04,OA12,52CE,●,●,●,9J12,●,CC22
野村動態配置多重資產基金,前收月配,澳幣,●,C114,●,●,●,5510,●,●,●,384,4114,D212,●,65500012,4714,●,●,0B14,●,6C14,●,K412,●,●,●,X,9J12,C915,●,ZB14,DE06,OA14,●,●,●,●,9J14,●,●
野村動態配置多重資產基金,前收月配,南非幣,10370072,C116,●,●,●,5511,●,●,●,386,4116,●,●,65500016,4716,●,●,0B16,●,6C16,●,K414,●,●,●,X,9J14,C917,●,ZB16,DE08,OA16,●,●,●,●,9J16,●,●
野村美利堅非投資等級債券基金,前收累積,新臺幣,●,CA71,X,5847,●,2444,10040063,V,●,●,5592,IN65,2026,55500050,2147,14F6,●,8840,●,77AB,6060,D659,●,IN70,●,X,8942,5041,7841,6554,●,AO32,●,●,●,●,1559,●,●
野村美利堅非投資等級債券基金,前收累積,美元,●,●,X,●,●,●,●,●,●,●,●,D247,●,●,●,●,●,●,●,●,●,K446,●,CN33,●,X,●,●,●,●,●,●,●,●,●,●,●,●,●
野村美利堅非投資等級債券基金,前收月配,新臺幣,●,CA72,X,5848,●,2445,10040064,V,●,●,5593,IN66,2027,55500051,2148,14F7,361,8841,●,77AC,6061,D660,●,IN71,●,X,8943,5042,7842,6555,●,AO33,●,●,●,●,1560,●,●
野村美利堅非投資等級債券基金,前收月配,美元,●,C127,X,5849,●,5519,●,●,●,●,4122,D248,●,65500017,4717,●,386,0B28,●,6C23,8D08,K447,●,CN18,●,X,9J16,C919,7H04,ZB24,●,OA23,●,●,●,●,9J17,●,●
野村美利堅非投資等級債券基金,前收月配,人民幣,●,C128,X,5850,●,5520,10040065,●,●,●,4123,D249,●,65500018,4718,●,387,0B29,●,6C24,8D09,K448,●,CN19,●,X,9J15,C920,7Z08,ZB25,●,OA24,●,●,●,●,9J18,●,●
野村美利堅非投資等級債券基金,後收累積,新臺幣,●,●,X,●,●,C303,●,●,●,●,90AB,I715,53007,●,●,●,●,88B3,●,●,6085,H205,●,EM04,●,X,●,●,●,VK14,●,AH01,●,●,●,●,4714,●,●
野村美利堅非投資等級債券基金,後收月配,新臺幣,●,●,X,●,●,C304,●,●,●,●,90AC,I716,53008,●,●,●,301,88B4,●,●,6086,H206,●,EM05,●,X,●,●,●,VK15,●,AH02,●,●,●,●,4715,●,●
野村日本領先基金,前收累積,新臺幣,10370064,CA55,4915,5213,10110043,2441,10040066,V,V,K48,5594,IN68,2019,55500052,2149,703,362,6126,●,77AD,6062,D641,●,IN68,69040,●,8941,5037,7843,6553,3434,AO34,52CF,3655,●,3341,1561,●,8125
野村全球短期收益基金,前收累積,新臺幣,●,CA58,7039,5839,●,2446,10040070,V,V,K49,5597,IN57,2020,55500053,2150,●,355,8890,●,●,6065,D642,●,IN69,●,X,8950,5040,7846,6558,3435,AO37,●,3658,5857,●,1564,X,7146
野村全球短期收益基金,前收累積,美元,●,●,7I12,5840,●,5521,10040071,●,●,441,4128,D233,●,65500019,4720,●,●,0B25,●,●,8D14,K416,●,CN17,●,X,9J29,C918,7H07,ZB28,DE11,OA29,●,DD08,N01I,●,9J23,X,CC47
野村全球短期收益基金,前收累積,人民幣,●,●,7I13,●,●,●,●,●,●,●,●,●,●,●,●,●,●,●,●,●,●,●,●,●,●,X,●,●,●,●,●,●,●,●,●,●,●,X,●
野村全球短期收益基金,前收月配,新臺幣,●,●,●,●,●,●,●,V,V,●,●,●,●,●,●,●,●,●,●,●,●,●,●,●,●,X,●,●,●,●,●,●,●,●,●,●,●,X,●
野村全球短期收益基金,前收月配,美元,●,●,●,●,●,●,●,●,●,●,●,●,●,●,●,●,●,●,●,●,●,●,●,●,●,X,●,●,●,●,●,●,●,●,●,●,●,X,●
野村多元收益多重資產基金,前收累積,新臺幣,●,CA56,7040,5841,●,2442,●,V,V,●,5595,IN53,2028,55500054,2160,1441,373,8831,●,77AE,6081,D644,●,IN37,●,X,8944,●,7844,6556,3436,AO35,52CZ,3656,●,3351,1562,X,8146
野村多元收益多重資產基金,前收累積,美元,●,C121,7I08,5843,●,5515,●,●,●,●,4124,D221,2049,65500020,4741,8701,376,0B21,●,6C25,8D43,K458,●,CN13,●,X,9J17,●,7H05,ZB26,DE20,OA25,52DB,DD03,●,5361,9J19,X,CC52
野村多元收益多重資產基金,前收累積,人民幣,●,C123,7I10,5845,●,5517,●,●,●,●,4126,D223,2051,65500022,4743,8703,●,0B23,●,6C27,8D47,K460,●,CN15,●,X,9J19,●,7Z09,●,DE22,OA27,52DD,DE06,●,9208,9J21,X,CC54
野村多元收益多重資產基金,前收月配,新臺幣,●,CA57,7041,5842,●,2443,10040067,V,V,●,5596,IN54,2029,55500055,2161,1442,363,8832,●,77AF,6082,D645,●,IN38,●,X,8945,●,7845,6557,3437,AO36,52DA,3657,●,3352,1563,X,8147
野村多元收益多重資產基金,前收月配,美元,●,C122,7I09,5844,●,5516,●,●,●,●,4125,D222,2050,65500021,4742,8702,381,0B22,●,6C26,8D44,K459,●,CN14,●,X,9J18,●,7H06,ZB27,DE21,OA26,52DC,DD04,●,5362,9J20,X,CC53
野村多元收益多重資產基金,前收月配,人民幣,●,C124,7I11,5846,●,5518,10040068,●,●,●,4127,D224,2052,65500023,4744,8704,385,0B24,●,6C28,8D48,●,●,CN16,●,X,9J20,●,7Z10,●,DE23,OA28,52DE,DE07,●,9209,9J22,X,CC55
野村多元收益多重資產基金,後收累積,新臺幣,●,CB07,8705,●,●,C302,●,●,●,●,90A7,I705,53009,●,8160,YG04,03N8,88A5,●,●,6083,H203,●,EM06,●,X,5G04,●,6910,VK01,N507,AH03,96AQ,4901,●,3C11,4707,X,Z504
野村多元收益多重資產基金,後收累積,美元,●,●,●,●,●,D303,●,●,●,●,●,●,53011,●,9741,●,03Y9,0BB7,●,●,8D45,P203,●,EL05,●,X,●,●,6I15,YD14,●,HA01,●,DV11,●,3D10,9X16,X,Y505
野村多元收益多重資產基金,後收月配,新臺幣,●,CB08,8706,●,●,C305,●,●,●,●,90A8,I706,53010,●,8161,YG05,03N4,88A6,●,●,6084,H204,●,EM07,●,X,5G03,●,6911,VK02,N508,AH04,96AR,4902,●,3C12,4708,X,Z505
野村多元收益多重資產基金,後收月配,美元,●,C207,7G05,●,●,D304,●,●,●,●,41A7,J707,53012,●,9742,ZG05,03Z5,0BA5,●,●,8D46,P204,●,EL06,●,X,4N05,●,6I08,YD01,P507,HA02,96AS,DV01,●,3D11,9X07,X,Y506
野村多元收益多重資產基金,後收月配,人民幣,●,C208,7G06,●,●,D305,●,●,●,●,41A8,J708,53013,●,9744,ZG06,●,0BA6,●,●,8D49,P205,●,EL07,●,X,4N04,●,6I09,YD02,P508,HA03,96AT,DV02,●,3F05,9X08,X,Y507
野村多元收益多重資產基金,TISA,新臺幣,X,X,X,X,X,X,X,X,X,X,X,X,X,X,X,X,X,X,X,X,X,X,X,X,X,X,X,X,X,X,X,X,X,X,X,X,X,X,X
野村亞太新興債券基金,前收累積,新臺幣,10370067,CA60,7042,5851,●,2447,10040072,●,●,K50,5759,IN55,2043,55500057,2151,14F8,●,8891,●,7752,6066,D655,●,IN43,●,X,8946,5044,7848,6560,3438,●,●,3602,●,●,1568,X,7151
野村亞太新興債券基金,前收累積,美元,●,C131,●,5853,●,5522,●,●,●,CKC,●,D225,2045,●,4721,87F5,●,●,●,6C29,8D15,●,●,●,●,X,9J21,●,7H09,●,DE12,●,●,●,●,●,●,X,●
野村亞太新興債券基金,前收累積,人民幣,●,C133,●,5855,●,5524,10040074,●,●,CLA,●,D227,2047,●,4723,87F7,●,●,●,6C31,8D17,●,●,●,●,X,9J23,●,7Z12,●,DE16,●,●,●,●,●,●,X,●
野村亞太新興債券基金,前收月配,新臺幣,10370068,CA61,7043,5852,●,2448,10040073,●,●,K51,5760,IN56,2044,55500058,2152,14F9,365,8892,●,7753,6067,●,●,IN44,69041,X,8947,5043,7849,6559,3439,IG32,●,●,●,●,1565,X,●
野村亞太新興債券基金,前收月配,美元,●,C132,●,5854,●,5523,●,●,●,CKD,4131,D226,2046,●,4722,87F6,●,●,●,6C30,●,●,●,●,●,X,9J22,●,7H10,ZB32,DE13,●,●,●,●,●,9J24,X,●
野村亞太新興債券基金,前收月配,人民幣,●,C134,●,5856,●,5525,10040075,●,●,CLB,4132,D228,2048,●,4724,87F8,●,●,●,6C32,8D18,●,●,●,●,X,9J24,●,7Z13,ZB33,DE17,●,●,●,●,●,9J25,X,●
野村亞太新興債券基金,後收累積,新臺幣,●,CB03,●,●,●,●,●,●,●,C2O,90A1,I709,●,●,8151,●,03N3,●,●,●,●,●,●,●,●,X,●,●,6908,VK05,N501,●,●,●,●,●,4701,X,●
野村亞太新興債券基金,後收月配,新臺幣,●,CB04,●,●,●,●,●,●,●,C3O,90A2,I710,●,●,8152,●,●,●,●,●,●,●,●,●,●,X,●,●,6909,VK06,N502,●,●,●,●,●,4702,X,●
野村亞太新興債券基金,後收月配,美元,●,C203,●,●,●,●,●,●,●,CP1,41A1,J712,●,●,9722,●,●,●,●,●,●,●,●,●,●,X,●,●,6I05,YD05,P501,●,●,●,●,●,9X01,X,●
野村亞太新興債券基金,後收月配,人民幣,●,C204,●,●,●,●,●,●,●,CQ1,41A2,J713,●,●,9724,●,03Z7,●,●,●,●,●,●,●,●,X,●,●,6I06,YD06,P502,●,●,●,●,●,9X02,X,●
野村全球金融收益基金,前收累積,新臺幣,X,CA75,7044,5877,X,●,●,V,V,K76,5765,●,2053,55500061,2158,14FH,●,8893,V,7759,6071,D651,6323,IN74,●,X,8958,●,7856,6561,3440,AO41,52CG,3659,5859,3342,1572,X,8144
野村全球金融收益基金,前收累積,美元,X,C139,7I21,5879,X,●,●,●,●,K78,4141,●,2055,65500032,4736,87FM,●,0B30,V,6C47,8D25,K433,8F06,CN26,●,X,9J44,●,7H18,ZB35,DE18,OA38,52CI,DD09,N01J,5352,9J38,X,CC48
野村全球金融收益基金,前收累積,人民幣,X,C141,7I23,5881,X,●,●,●,●,CL8,4143,●,2057,65500034,4738,87FO,●,0B32,V,6C49,8D27,K435,8F08,CN28,●,X,9J46,●,7Z19,ZB37,DE14,OA40,52CK,DE08,N01L,9202,9J39,X,CC50
野村全球金融收益基金,前收月配,新臺幣,10370087,CA76,7045,5878,X,●,●,V,V,K75,5766,IN58,2054,55500062,2159,14FI,369,8894,●,7760,6072,D652,6324,IN75,●,X,8959,●,7857,6562,3441,AO42,52CH,3660,5860,3343,1571,X,8145
野村全球金融收益基金,前收月配,美元,X,C140,7I22,5880,X,●,●,●,●,K77,4142,D234,2056,65500033,4737,87FN,382,0B31,V,6C48,8D26,K434,8F07,CN27,●,X,9J45,●,7H19,ZB36,DE19,OA39,52CJ,DD10,N01K,5353,9J34,X,CC49
野村全球金融收益基金,前收月配,人民幣,X,C142,7I24,5882,X,●,●,●,●,CL7,4144,D236,2058,65500035,4739,87FP,384,0B33,V,6C50,8D28,K436,8F09,CN29,●,X,9J47,●,7Z20,ZB38,DE15,OA41,52CL,DE09,N01M,9203,9J35,X,CC51
野村全球金融收益基金,前收月配,日幣,X,●,●,●,X,●,●,●,●,●,●,●,●,●,4757,●,●,●,●,●,●,●,●,●,●,X,●,●,●,●,●,●,●,●,●,●,●,X,●
野村全球金融收益基金,後收累積,新臺幣,1037B014,CB01,8707,●,X,●,●,●,●,C2P,90A5,I707,53030,55500063,8158,YG02,●,88A3,●,●,6073,H212,MF03,EM01,●,X,5G02,●,6904,VK03,N505,AH07,96AD,4903,●,3C01,4705,X,Z501
野村全球金融收益基金,後收累積,美元,X,C209,7G07,●,X,●,●,●,●,C0S,41A9,J709,53015,65500040,9736,●,●,0BA7,●,●,8D33 ,P212,MG05,EL01,●,X,4N02,●,6I07,YD09,P509,HA08,96AZ,DV03,●,3D01,9X09,X,Y503
野村全球金融收益基金,後收月配,新臺幣,1037B015,CB02,8708,●,X,●,●,●,●,C1P,90A6,I708,53014,55500064,8159,YG03,03N2,88A4,●,●,6074,H213,MF04,EM02,●,X,5G01,●,6905,VK04,N506,AH08,96AE,4904,●,3C02,4706,X,Z502
野村全球金融收益基金,後收月配,美元,1037B016,C201,7G08,●,X,●,●,●,●,CP9,41A5,J710,53016,65500036,9737,ZG03,03Z6,0BA3,●,●,8D29,P213,MG06,EL02,●,X,4N01,●,6I01,YD03,P505,HA09,96AF,DV04,●,3D02,9X05,X,Y501
野村全球金融收益基金,後收月配,人民幣,X,C202,7G09,●,X,●,●,●,●,CQ5,41A6,J711,53017,65500037,9739,ZG04,03Z8,0BA4,●,●,8D30,P214,MG07,EL03,●,X,4N03,●,6I02,YD04,P506,●,96AG,DV05,●,3F01,9X06,X,Y502
野村全球金融收益基金,後收月配,日幣,X,●,●,●,X,●,●,●,●,●,●,●,●,●,9757,●,●,●,●,●,●,●,●,●,●,X,●,●,●,●,●,●,●,●,●,●,●,X,●
野村特別時機非投資等級債券基金,前收累積,新臺幣,10370077,X,7046,●,X,2455,●,V,V,K71,5767,IN60,2059,55500069,2162,1447,372,8822,●,7755,6075,D653,6317,●,●,X,8960,●,7859,6563,3442,AO43,52CO,3661,●,3345,1573,●,●
野村特別時機非投資等級債券基金,前收累積,美元,10370079,X,7I25,●,X,5537,●,●,●,K73,4145,D238,2061,65500045,4745,8712,380,0B37,●,6C40,8D34,K437,8F01,●,●,X,9J49,●,7H22,ZB39,DE27,OA42,52CQ,DD12,●,5355,●,●,●
野村特別時機非投資等級債券基金,前收累積,人民幣,10370081,X,7I27,●,X,5538,●,●,●,CL5,4147,D240,2063,●,4747,8714,03M8,0B39,●,6C42,8D36,K439,8F03,●,●,X,9J51,●,7Z23,●,DE29,OA44,52CW,DE10,●,9204,●,●,●
野村特別時機非投資等級債券基金,前收月配,新臺幣,10370078,X,7047,●,X,2456,●,V,V,K72,5768,IN61,2060,55500070,2163,1448,370,8823,●,7756,6076,D654,6318,●,●,X,8961,●,7860,6564,3443,AO44,52CP,3662,●,3346,1574,●,●
野村特別時機非投資等級債券基金,前收月配,美元,10370080,X,7I26,●,X,5539,●,●,●,K74,4146,D239,2062,65500046,4746,8713,379,0B38,●,6C41,8D35,K438,8F02,●,●,X,9J50,●,7H23,ZB40,DE28,OA43,52CR,DD13,●,5356,9J41,●,●
野村特別時機非投資等級債券基金,前收月配,人民幣,10370082,X,7I28,●,X,5540,●,●,●,CL6,4148,D241,2064,●,4748,8715,03M7,0B40,●,6C43,8D37,K440,8F04,●,●,X,9J52,●,7Z24,●,DE30,OA45,52CX,DE11,●,9205,9J42,●,●
野村特別時機非投資等級債券基金,前收月配,澳幣,10370083,X,7I29,●,X,5541,●,●,●,●,4149,D242,2065,●,4749,●,378,0B41,●,6C44,●,K441,8F05,●,●,X,9J53,●,7Z25,●,●,OA46,52CY,DE12,●,●,9J44,●,●
野村特別時機非投資等級債券基金,後收累積,新臺幣,1037B005,X,8709,●,X,●,●,●,●,C90,90A9,I701,53018,●,8162,●,03N7,88A8,●,●,●,●,MF01,●,●,X,5G05,●,6913,VK09,N510,AH05,96AH,4906,●,3C04,4710,●,●
野村特別時機非投資等級債券基金,後收累積,美元,1037B007,X,7G10,●,X,●,●,●,●,CP7,41AA,J701,53020,●,9745,●,03Z4,0BB1,●,●,8D38,●,MG01,●,●,X,4N06,●,6I11,YD10,P511,HA04,●,DV07,●,3D04,9X14,●,●
野村特別時機非投資等級債券基金,後收月配,新臺幣,1037B006,X,8710,●,X,●,●,●,●,C0P,90AA,I702,53019,55500071,8163,YG01,03N6,88A9,●,●,6078,●,MF02,●,●,X,5G06,●,6914,VK10,N511,AH06,96AI,4907,●,3C05,4711,●,●
野村特別時機非投資等級債券基金,後收月配,美元,1037B008,X,7G11,●,X,●,●,●,●,CP8,41AB,J702,53021,65500047,9746,ZG01,03Z3,0BB2,●,●,8D39,●,MG02,●,●,X,4N07,●,6I12,YD11,P512,HA05,96AJ,DV08,●,3D05,9X11,●,●
野村特別時機非投資等級債券基金,後收月配,人民幣,1037B009,X,7G12,●,X,●,●,●,●,CQ4,41AC,J703,53022,●,9748,ZG02,03Y6,0BB3,●,●,8D40,●,MG03,●,●,X,4N08,●,6I13,●,P513,HA06,96AK,DV09,●,3F03,9X12,●,●
野村特別時機非投資等級債券基金,後收月配,澳幣,1037B010,X,7G13,●,X,●,●,●,●,●,41AD,J704,●,●,9749,●,03Z2,0BB4,●,●,●,●,MG04,●,●,X,4N09,●,6I14,●,●,HA07,●,DV10,●,●,9X13,●,●
野村全球正向效應成長基金,前收累積,新臺幣,10370073,●,X,●,X,2453,●,V,●,●,●,IN62,2066,55500065,●,●,371,8842,●,7757,6079,D661,●,●,●,X,8962,●,●,6565,3444,AO45,52CS,●,●,●,1575,●,●
野村全球正向效應成長基金,前收累積,美元,10370075,●,X,●,X,5535,●,●,●,●,●,D243,2068,65500041,●,●,377,0B42,●,6C45,8D41,K450,●,●,●,X,9J54,●,●,ZB41,DE31,OA48,52CU,●,●,●,9J43,●,●
野村全球正向效應成長基金,前收季配,新臺幣,10370074,●,X,●,X,2454,●,V,●,●,●,IN63,2067,55500066,●,●,●,8843,●,7758,●,D662,●,●,●,X,8963,●,●,6566,3445,AO46,52CT,●,●,●,●,●,●
野村全球正向效應成長基金,前收季配,美元,10370076,●,X,●,X,5536,●,●,●,●,●,D244,2069,65500042,●,●,●,0B43,●,6C46,●,K451,●,●,●,X,9J55,●,●,ZB42,DE32,OA49,52CV,●,●,●,●,●,●
野村全球正向效應成長基金,後收累積,新臺幣,1037B001,●,X,●,X,●,●,●,●,●,●,I703,53023,55500067,●,●,03N5,88B1,●,●,6080,H208,●,●,●,X,5G07,●,●,VK11,N512,●,●,●,●,●,4712,●,●
野村全球正向效應成長基金,後收累積,美元,1037B003,●,X,●,X,●,●,●,●,●,●,J705,53025,65500043,●,●,03Z1,0BB5,●,●,8D42,H209,●,●,●,X,4N10,●,●,YD12,P514,●,●,●,●,●,9X15,●,●
野村全球正向效應成長基金,後收季配,新臺幣,1037B002,●,X,●,X,●,●,●,●,●,●,I704,53024,55500068,●,●,●,88B2,●,●,●,P207,●,●,●,X,5G08,●,●,VK12,N513,●,●,●,●,●,●,●,●
野村全球正向效應成長基金,後收季配,美元,1037B004,●,X,●,X,●,●,●,●,●,●,J706,53026,65500044,●,●,●,0BB6,●,●,●,P208,●,●,●,X,4N11,●,●,YD13,P515,●,●,●,●,●,●,●,●
野村全球基礎建設大未來基金,前收累積,新臺幣,●,●,●,●,X,2457,●,V,●,C0J,●,IN64,2070,●,●,●,374,●,●,7761,●,D656,●,●,●,X,8964,●,7861,6567,3446,AO47,52DF,●,●,3344,1576,X,●
野村全球基礎建設大未來基金,前收累積,美元,●,●,●,●,X,5542,●,●,●,C0K,●,D245,2071,●,●,●,375,●,●,6C51,●,K442,●,●,●,X,9J56,●,7H24,●,DE33,OA50,52DG,●,●,5354,9J45,X,●
野村全球基礎建設大未來基金,前收累積,人民幣,●,●,●,●,X,5543,●,●,●,CL4,●,D246,2072,●,●,●,03M9,●,●,6C52,●,K443,●,●,●,X,9J57,●,7Z26,●,DE34,OA51,52DH,●,●,9206,9J46,X,●
野村全球基礎建設大未來基金,後收累積,新臺幣,●,●,●,●,X,C301,●,●,●,C4O,●,I714,53027,●,●,●,03N9,●,●,●,●,●,●,●,●,X,4N12,●,6915,VK13,N514,AH09,●,●,●,3C03,4713,X,●
野村全球基礎建設大未來基金,後收累積,美元,●,●,●,●,X,D302,●,●,●,CP2,●,J717,53028,●,●,●,03Y8,●,●,●,●,●,●,●,●,X,4N13,●,6I16,YD15,P516,HA10,●,●,●,3D03,9X17,X,●
野村全球基礎建設大未來基金,後收累積,人民幣,●,●,●,●,X,D301,●,●,●,CQ2,●,J718,53029,●,●,●,03Y7,●,●,●,●,●,●,●,●,X,5G09,●,6I17,●,P517,●,●,●,●,3F02,9X18,X,●
野村環球時機多重資產基金,前收累積,新臺幣,●,X,X,●,X,3114,●,V,●,K67,4150,IN67,2076,●,●,●,●,●,●,●,6087,D657,●,●,●,X,8965,●,7862,6568,●,●,●,●,X,3347,1577,X,●
野村環球時機多重資產基金,前收累積,美元,●,X,X,●,X,5544,●,●,●,K69,4151,D250,2078,●,●,●,●,●,●,●,8D50,K444,●,●,●,X,9J58,●,7H25,ZB43,●,●,●,●,X,5357,●,X,●
野村環球時機多重資產基金,前收月配,新臺幣,10370085,X,X,●,X,3115,●,V,●,K68,5775,●,2077,●,●,●,03A1,●,●,●,6088,D658,●,●,●,X,●,●,7863,6569,●,●,●,●,X,3348,1578,X,●
野村環球時機多重資產基金,前收月配,美元,10370086,X,X,●,X,5545,●,●,●,K70,5776,D251,2079,●,●,●,03M6,●,●,●,8D51,K445,●,●,●,X,●,●,7H26,ZB44,●,●,●,●,X,5358,9J47,X,●
野村環球時機多重資產基金,後收累積,新臺幣,1037B011,X,X,●,X,C306,●,●,●,C70,90AD,I717,53031,●,●,●,●,●,●,●,6089,H201,●,●,●,X,●,●,6916,VK16,●,●,●,●,X,3C06,●,X,●
野村環球時機多重資產基金,後收累積,美元,●,X,X,●,X,D306,●,●,●,CP5,90AE,J719,53033,●,●,●,●,●,●,●,8D52,P201,●,●,●,X,●,●,6I18,YD16,●,●,●,●,X,3D06,●,X,●
野村環球時機多重資產基金,後收月配,新臺幣,1037B012,X,X,●,X,C307,●,●,●,C80,41AE,I718,53032,●,●,●,03P1,●,●,●,6090,H202,●,●,●,X,5G10,●,6917,VK17,●,●,●,●,X,3C07,4716,X,●
野村環球時機多重資產基金,後收月配,美元,1037B013,X,X,●,X,D307,●,●,●,CP6,41AF,J720,53034,●,●,●,03Y5,●,●,●,8D53,P202,●,●,●,X,4N14,●,6I19,YD17,●,●,●,●,X,3D07,9X19,X,●
野村策略轉機多重資產基金,前收累積,新臺幣,●,X,X,●,X,2458,●,V,V,K62,●,IN69,●,●,●,●,●,●,●,●,6091,D663,●,●,●,X,8966,●,7864,6570,●,●,●,●,X,●,●,X,●
野村策略轉機多重資產基金,前收累積,美元,●,X,X,●,X,5546,●,●,●,K64,●,D252,●,●,●,●,●,●,●,●,8D54,K452,●,●,●,X,9J59,●,7H27,ZB45,●,●,●,●,X,●,●,X,●
野村策略轉機多重資產基金,前收月配,新臺幣,●,X,X,●,X,2459,●,V,V,K63,●,IN70,●,●,●,●,03A2,●,●,●,6092,D664,●,●,●,X,●,●,7865,6571,●,●,●,●,X,●,●,X,●
野村策略轉機多重資產基金,前收月配,美元,●,X,X,●,X,5547,●,●,●,K65,●,D253,●,●,●,●,03M5,●,●,●,8D55,K453,●,●,●,X,●,●,7H28,ZB46,●,●,●,●,X,●,●,X,●
野村策略轉機多重資產基金,前收月配,人民幣,●,X,X,●,X,●,●,●,●,K66,●,D254,●,●,●,●,●,●,●,●,●,K454,●,●,●,X,9J60,●,7Z27,ZB47,●,●,●,●,X,●,●,X,●
野村策略轉機多重資產基金,後收累積,新臺幣,●,X,X,●,X,●,●,●,●,C50,●,I719,●,●,●,●,●,●,●,●,6093,H210,●,●,●,X,●,●,6918,VK18,●,●,●,●,X,●,●,X,●
野村策略轉機多重資產基金,後收累積,美元,●,X,X,●,X,●,●,●,●,CP3,●,J721,●,●,●,●,●,●,●,●,8D56,P209,●,●,●,X,●,●,6I20,YD18,●,●,●,●,X,●,●,X,●
野村策略轉機多重資產基金,後收月配,新臺幣,●,X,X,●,X,C308,●,●,●,C60,●,I720,●,●,●,●,03P2,●,●,●,6094,H211,●,●,●,X,5G11,●,6919,VK19,●,●,●,●,X,●,●,X,●
野村策略轉機多重資產基金,後收月配,美元,●,X,X,●,X,D308,●,●,●,CP4,●,J722,●,●,●,●,03Y4,●,●,●,8D57,P210,●,●,●,X,4N15,●,6I21,YD19,●,●,●,●,X,●,●,X,●
野村策略轉機多重資產基金,後收月配,人民幣,●,X,X,●,X,●,●,●,●,CQ3,●,J723,●,●,●,●,●,●,●,●,●,P211,●,●,●,X,4N16,●,6I22,YD20,●,●,●,●,X,●,●,X,●
野村全球科技多重資產基金,前收累積,新臺幣,●,X,●,X,X,2460,●,V,V,C1J,X,IN71,2080,X,2164,●,●,●,●,●,6095,D665,●,●,●,X,●,●,7866,6572,●,AO48,52DJ6,●,X,3349,●,X,8148
野村全球科技多重資產基金,前收累積,美元,●,X,●,X,X,5548,●,●,●,C1K,X,D255,2082,X,4750,●,03M4,●,●,●,8D58,K455,●,●,●,X,●,●,7H29,ZB48,●,OA52,52DL8,●,X,5359,●,X,CC56
野村全球科技多重資產基金,前收累積,日幣,●,X,●,X,X,●,●,●,●,●,X,●,●,X,4756,●,●,●,●,●,●,●,●,●,●,X,●,●,●,●,●,●,●,●,X,●,●,X,●
野村全球科技多重資產基金,前收月配,新臺幣,●,X,●,X,X,2461,●,V,V,C2J,X,IN72,2081,X,2165,●,●,●,●,●,6096,●,●,●,●,X,●,●,7867,6573,●,AO49,52DK7,●,X,3350,●,X,8149
野村全球科技多重資產基金,前收月配,美元,●,X,●,X,X,5549,●,●,●,C2K,X,D256,2083,X,4751,●,03M3,●,●,●,8D59,●,●,●,●,X,●,●,7H30,ZB49,●,OA53,52DM9,●,X,5360,●,X,CC57
野村全球科技多重資產基金,前收月配,人民幣,●,X,●,X,X,5550,●,●,●,●,X,D257,2084,X,4752,●,●,●,●,●,8D60,K456,●,●,●,X,●,●,●,ZB50,●,OA54,52DN0,●,X,9207,●,X,CC58
野村全球科技多重資產基金,前收月配,日幣,●,X,●,X,X,5551,●,●,●,CG0,X,D258,●,X,4753,●,●,●,●,●,8D61,K457,●,●,●,X,●,●,7Z28,ZB51,●,OA55,52DO1,●,X,3J01,●,X,CC59
野村全球科技多重資產基金,後收累積,新臺幣,●,X,●,X,X,C309,●,●,●,C3P,X,I721,53035,X,8164,●,●,●,●,●,6097,●,●,●,●,X,●,●,6920,VK20,●,AH13,96AL,●,X,3C09,●,X,Z506
野村全球科技多重資產基金,後收累積,美元,●,X,●,X,X,D309,●,●,●,C1S,X,J724,53037,X,9750,●,03Y3,●,●,●,8D62,●,●,●,●,X,●,●,6I23,YD21,●,HA14,●,●,X,3D08,●,X,Y508
野村全球科技多重資產基金,後收累積,日幣,●,X,●,X,X,●,●,●,●,●,X,●,●,X,9756,●,●,●,●,●,●,●,●,●,●,X,●,●,●,●,●,●,●,●,X,●,●,X,●
野村全球科技多重資產基金,後收月配,新臺幣,●,X,●,X,X,C310,●,●,●,C4P,X,I722,53036,X,8165,●,●,●,●,●,6098,●,●,●,●,X,●,●,6921,VK21,●,AH14,96AM,●,X,3C10,●,X,Z507
野村全球科技多重資產基金,後收月配,美元,●,X,●,X,X,D310,●,●,●,C2S,X,J725,53038,X,9751,●,03Y2,●,●,●,8D63,●,●,●,●,X,●,●,6I24,YD22,●,HA15,96AN,●,X,3D09,●,X,Y509
野村全球科技多重資產基金,後收月配,人民幣,●,X,●,X,X,D311,●,●,●,●,X,J726,53039,X,9752,●,●,●,●,●,8D64,●,●,●,●,X,●,●,●,YD23,●,HA16,96AO,●,X,3F04,●,X,Y510
野村全球科技多重資產基金,後收月配,日幣,●,X,●,X,X,D312,●,●,●,CV0,X,J727,●,X,9753,●,●,●,●,●,8D65,●,●,●,●,X,●,●,6I25,YD24,●,HA17,96AP,●,X,3.00E+01,●,X,Y511
野村全天候組合基金,前收累積,新臺幣,●,X,X,●,X,2462,●,X,X,K79,X,IN73,●,●,●,●,●,8833,●,●,6099,●,●,●,●,X,●,●,●,6574,●,●,52DP2,●,X,●,●,X,●
野村全天候組合基金,前收月配,新臺幣,●,X,X,5883,X,2463,●,X,X,K80,X,IN74,●,●,●,●,●,8834,●,●,6100,●,●,●,●,X,●,●,●,6575,●,●,52DQ3,●,X,●,●,X,●
野村全天候組合基金,前收累積,美元,●,X,X,●,X,5552,●,X,X,C3K,X,D259,●,●,●,●,●,0B44,●,●,8D66,●,●,●,●,X,●,●,●,ZB52,●,●,●,●,X,●,●,X,●
野村全天候組合基金,前收月配,美元,●,X,X,●,X,5553,●,X,X,C4K,X,D260,●,●,●,●,●,0B45,●,●,8D67,●,●,●,●,X,●,●,●,ZB53,●,●,52DR4,●,X,●,●,X,●
野村全天候組合基金,前收月配,南非幣,●,X,X,●,X,5554,●,X,X,●,X,●,●,●,●,●,●,0B46,●,●,●,●,●,●,●,X,●,●,●,ZB54,●,●,52DS5,●,X,●,●,X,●
野村全天候組合基金,後收累積,新臺幣,●,X,X,●,X,C311,●,X,X,C5P,X,I723,●,●,●,●,●,88B5,●,●,6101,●,●,●,●,X,●,●,●,VK22,●,●,96AA,●,X,●,●,X,●
野村全天候組合基金,後收月配,新臺幣,●,X,X,●,X,C312,●,X,X,C6P,X,I724,●,●,●,●,●,88B6,●,●,6102,●,●,●,●,X,●,●,●,VK23,●,●,96AB,●,X,●,●,X,●
野村全天候組合基金,後收累積,美元,●,X,X,●,X,D313,●,X,X,C3S,X,J728,●,●,●,●,●,0BB8,●,●,8D68,●,●,●,●,X,●,●,●,YD25,●,●,●,●,X,●,●,X,●
野村全天候組合基金,後收月配,美元,●,X,X,●,X,D314,●,X,X,C4S,X,J729,●,●,●,●,●,0BB9,●,●,8D69,●,●,●,●,X,●,●,●,YD26,●,●,96AC,●,X,●,●,X,●
野村全天候環球債券基金,前收累積,新臺幣,●,●,X,X,X,2464,●,●,V,●,X,IN75,●,●,●,●,●,●,●,●,6103,●,●,●,●,X,●,●,7868,6576,5715,●,52DT,●,,●,●,X,●
野村全天候環球債券基金,前收月配,新臺幣,●,●,X,X,X,2465,●,●,V,●,X,IN76,●,●,●,●,●,●,●,●,6104,●,●,●,●,X,●,●,7869,6577,5716,●,52DU,●,,●,●,X,●
野村全天候環球債券基金,前收累積,美元,●,●,X,X,X,5555,●,●,●,●,X,D261,●,●,●,●,●,●,●,●,8D70,●,●,●,●,X,●,●,7H31,ZB55,DE35,●,52DV,●,,●,●,X,●
野村全天候環球債券基金,前收月配,美元,●,●,X,X,X,5556,●,●,●,●,X,D262,●,●,●,●,●,●,●,●,8D71,●,●,●,●,X,●,●,7H32,ZB56,DE36,●,52DW,●,,●,●,X,●
野村全天候環球債券基金,前收月配,日幣,●,●,X,X,X,5557,●,●,●,●,X,D263,●,●,●,●,●,●,●,●,8D72,●,●,●,●,X,●,●,7Z29,ZB57,DE37,●,52DX,●,,●,●,X,●
野村全天候環球債券基金,後收累積,新臺幣,●,●,X,X,X,C313,●,●,●,●,X,I725,●,●,●,●,●,●,●,●,6105,●,●,●,●,X,●,●,6922,VK24,N515,●,96AU,●,,●,●,X,●
野村全天候環球債券基金,後收月配,新臺幣,●,●,X,X,X,C314,●,●,●,●,X,I726,●,●,●,●,●,●,●,●,6106,●,●,●,●,X,●,●,6923,VK25,N516,●,96AV,●,,●,●,X,●
野村全天候環球債券基金,後收累積,美元,●,●,X,X,X,D315,●,●,●,●,X,J730,●,●,●,●,●,●,●,●,8D73,●,●,●,●,X,●,●,6I26,YD27,P518,●,96AW,●,,●,●,X,●
野村全天候環球債券基金,後收月配,美元,●,●,X,X,X,D316,●,●,●,●,X,J731,●,●,●,●,●,●,●,●,8D74,●,●,●,●,X,●,●,6I27,YD28,P519,●,96AX,●,,●,●,X,●
野村全天候環球債券基金,後收月配,日幣,●,●,X,X,X,D317,●,●,●,●,X,J732,●,●,●,●,●,●,●,●,8D75,●,●,●,●,X,●,●,6I28,YD29,P520,●,96AY,●,,●,●,X,●
野村臺灣創新科技50 ETF連結基金,前收累積,新臺幣,X,X,X,X,X,X,X,X,X,X,X,X,X,X,X,X,X,X,X,X,X,X,X,X,X,X,X,X,X,X,X,X,52DY1,X,X,X,X,X,X
野村臺灣創新科技50 ETF連結基金,前收半年配,新臺幣,X,X,X,X,X,X,X,X,X,X,X,X,X,X,X,X,X,X,X,X,X,X,X,X,X,X,X,X,X,X,X,X,52DZ2,X,X,X,X,X,X
野村美國增長股票ETF組合基金,前收累積,新臺幣,X,X,X,X,X,X,X,X,X,X,X,X,X,X,X,X,X,X,X,X,X,X,X,X,X,X,X,X,X,X,X,X,52EA8,X,X,X,X,X,X
野村美國增長股票ETF組合基金,前收月配,新臺幣,X,X,X,X,X,X,X,X,X,X,X,X,X,X,X,X,X,X,X,X,X,X,X,X,X,X,X,X,X,X,X,X,52EB9,X,X,X,X,X,X
野村美國增長股票ETF組合基金,前收累積,美元,X,X,X,X,X,X,X,X,X,X,X,X,X,X,X,X,X,X,X,X,X,X,X,X,X,X,X,X,X,X,X,X,52EC0,X,X,X,X,X,X
野村美國增長股票ETF組合基金,前收月配,美元,X,X,X,X,X,X,X,X,X,X,X,X,X,X,X,X,X,X,X,X,X,X,X,X,X,X,X,X,X,X,X,X,52ED1,X,X,X,X,X,X
野村美國增長股票ETF組合基金,後收月配,新臺幣,X,X,X,X,X,X,X,X,X,X,X,X,X,X,X,X,X,X,X,X,X,X,X,X,X,X,X,X,X,X,X,X,96BA9,X,X,X,X,X,X
野村美國增長股票ETF組合基金,後收月配,美元,X,X,X,X,X,X,X,X,X,X,X,X,X,X,X,X,X,X,X,X,X,X,X,X,X,X,X,X,X,X,X,X,96BB0,X,X,X,X,X,X
野村混合資本公司債券私募基金,前收累積,美元,X,X,X,X,X,X,X,X,X,X,X,X,X,X,X,X,X,X,X,X,X,X,X,X,X,X,X,X,7Q01(OBU),X,X,X,X,X,X,X,X,X,X
野村混合資本公司債券私募基金,前收月配,美元,X,X,X,X,X,X,X,X,X,X,X,X,X,X,X,X,X,X,X,X,X,X,X,X,X,X,X,X,7Q02(OBU),X,X,X,X,X,X,X,X,X,X
野村混合資本公司債券私募基金,後收月配,美元,X,X,X,X,X,X,X,X,X,X,X,X,X,X,X,X,X,X,X,X,X,X,X,X,X,X,X,X,7R01(OBU),X,X,X,X,X,X,X,X,X,X
